X,Y,CBSAFP,NAME,STATEFP,isApp
-96.870771262231614,40.819900939251667,30700,"Lincoln, NE",31,0
-89.949755830603635,43.422038547471445,12660,"Baraboo, WI",55,0
-77.382842868099189,42.268866423845658,18500,"Corning, NY",36,0
-90.40616449819035,30.628985541700057,25220,"Hammond, LA",22,0
-83.456201604546649,39.560213062993569,47920,"Washington Court House, OH",39,0
-85.2122364886512,34.274677152493908,40660,"Rome, GA",13,0
-110.54754009386924,41.287428638179037,21740,"Evanston, WY",56,0
-80.868945512731642,35.187065708012589,16740,"Charlotte-Concord-Gastonia, NC-SC",45,0
-93.806911678703088,38.747196014138993,47660,"Warrensburg, MO",29,0
-100.40602082591526,32.303652816292129,45020,"Sweetwater, TX",48,0
-96.152479679488351,38.45543734962051,21380,"Emporia, KS",20,0
-91.948435710961377,41.03186659024859,21840,"Fairfield, IA",19,0
-90.944581249253943,33.281058987429084,24740,"Greenville, MS",28,0
-88.230341905477687,39.419284807736361,16660,"Charleston-Mattoon, IL",17,0
-85.500871662550168,39.307126577661165,24700,"Greensburg, IN",18,0
-89.230701168739813,31.186008420576535,25620,"Hattiesburg, MS",28,0
-90.209963177695357,40.475996360310127,15900,"Canton, IL",17,0
-108.20760168562131,40.618976030559146,18780,"Craig, CO",08,0
-95.00586445754108,45.152605901574191,48820,"Willmar, MN",27,0
-108.26403540691989,38.402106109061414,33940,"Montrose, CO",08,0
-84.591263146523261,40.855430634386465,46780,"Van Wert, OH",39,0
-84.42258681119975,42.248070349240443,27100,"Jackson, MI",26,0
-116.47228730815118,38.04261185099373,37220,"Pahrump, NV",32,0
-81.16514497376771,36.210581411505643,35900,"North Wilkesboro, NC",37,0
-80.334210139377362,40.989441494370475,35260,"New Castle, PA",42,0
-95.905138201083474,36.713776536658997,12780,"Bartlesville, OK",40,0
-97.721131522231403,27.123897853551856,28780,"Kingsville, TX",48,0
-73.680812015383566,44.7426714766816,38460,"Plattsburgh, NY",36,0
-102.63765074808569,32.304688184100954,11380,"Andrews, TX",48,0
-82.416811748649451,34.688870489590926,24860,"Greenville-Anderson-Mauldin, SC",45,0
-119.62138000879267,38.92102947055924,23820,"Gardnerville Ranchos, NV",32,0
-83.767890311734973,31.922996183233533,18380,"Cordele, GA",13,0
-95.15100161714642,42.735458752516166,44740,"Storm Lake, IA",19,0
-89.771517843894429,37.323479862212899,16020,"Cape Girardeau, MO-IL",17,0
-92.497137398976292,39.440072568833322,33620,"Moberly, MO",29,0
-85.997364425742973,34.78187023992254,42460,"Scottsboro, AL",01,0
-104.30530113897282,32.471673434793473,16100,"Carlsbad-Artesia, NM",35,0
-95.36409879766687,30.904661155248203,26660,"Huntsville, TX",48,0
-93.162591203871415,36.086953853812908,25460,"Harrison, AR",05,0
-87.41489079024764,38.69338336358436,47180,"Vincennes, IN",18,0
-99.888252978699953,37.692001140827891,19980,"Dodge City, KS",20,0
-98.278584694938573,44.414643838549992,26700,"Huron, SD",46,0
-77.918252506866054,35.701923142522197,48980,"Wilson, NC",37,0
-84.605053957146495,43.292655233399685,10940,"Alma, MI",26,0
-85.029935131616568,33.038881635914009,29300,"LaGrange, GA",13,0
-93.464990047532055,42.036212125457027,11180,"Ames, IA",19,0
-92.752331358139188,43.671456090288991,12380,"Austin, MN",27,0
-81.848783584068784,34.838130539678929,43900,"Spartanburg, SC",45,0
-99.717553715075042,32.449774608922461,10180,"Abilene, TX",48,0
-89.321855969985904,42.041421013145758,40300,"Rochelle, IL",17,0
-87.540343652036469,37.308655743744183,31580,"Madisonville, KY",21,0
-93.296598597331908,44.354327782552502,22060,"Faribault-Northfield, MN",27,0
-98.999070176389466,31.774313479990877,15220,"Brownwood, TX",48,0
-93.931399951283922,42.036617699645198,14340,"Boone, IA",19,0
-93.055677853020569,41.685760815538892,35500,"Newton, IA",19,0
-88.918992078296057,38.649632040708809,16460,"Centralia, IL",17,0
-83.137871996388014,41.356241257766541,23380,"Fremont, OH",39,0
-93.097761759178042,31.724518749227602,35060,"Natchitoches, LA",22,0
-98.313190007485673,32.753109845773288,33420,"Mineral Wells, TX",48,0
-79.269802548476591,41.813162122551994,47620,"Warren, PA",42,0
-95.15096481198141,43.082471820315206,43980,"Spencer, IA",19,0
-77.220352053200102,39.867651728797753,23900,"Gettysburg, PA",42,0
-85.6271079619559,38.995889062079321,35860,"North Vernon, IN",18,0
-89.80205155307543,33.767904531072972,24980,"Grenada, MS",28,0
-73.629248611258944,42.253291129232935,26460,"Hudson, NY",36,0
-89.368390601094845,40.123060470566706,30660,"Lincoln, IL",17,0
-74.305548791575561,44.593460298413092,31660,"Malone, NY",36,0
-101.35466431772778,35.840065744075694,14420,"Borger, TX",48,0
-97.74401258521597,28.41550901141505,13300,"Beeville, TX",48,0
-84.929556973283965,38.124169268604362,23180,"Frankfort, KY",21,0
-82.598679510013397,41.146511746966858,35940,"Norwalk, OH",39,0
-82.422896405853436,40.395893685739189,34540,"Mount Vernon, OH",39,0
-93.283534001740747,38.724447401367598,42740,"Sedalia, MO",29,0
-80.690863480953482,36.414412650507174,34340,"Mount Airy, NC",37,0
-100.77697441484359,41.234000627640768,35820,"North Platte, NE",31,0
-91.282740036819632,44.939221890793974,20740,"Eau Claire, WI",55,0
-82.617269302371739,39.017060715829523,27160,"Jackson, OH",39,0
-76.070508583286966,42.595147188435625,18660,"Cortland, NY",36,0
-75.343300824357229,41.058671914331171,20700,"East Stroudsburg, PA",42,0
-112.39787724910779,43.216731406335349,13940,"Blackfoot, ID",16,0
-88.879051321721704,33.424916847226832,44260,"Starkville, MS",28,0
-95.708352548031371,46.408469285457244,22260,"Fergus Falls, MN",27,0
-82.850215957720181,36.175835048997925,24620,"Greeneville, TN",47,0
-83.294822631361839,34.55250416750885,45740,"Toccoa, GA",13,0
-89.75863384016607,44.897925330692793,48140,"Wausau, WI",55,0
-83.768952383435305,31.186702798124511,34220,"Moultrie, GA",13,0
-99.001707846213648,35.638538020662189,48220,"Weatherford, OK",40,0
-74.440116318206009,42.901234944521974,11220,"Amsterdam, NY",36,0
-83.705897092168541,43.022442151026667,22420,"Flint, MI",26,0
-78.872274854185889,35.367975389554942,20380,"Dunn, NC",37,0
-83.673330312358843,36.729575555350017,33180,"Middlesborough, KY",21,0
-75.980930145633394,35.788570720204383,28620,"Kill Devil Hills, NC",37,0
-85.397327715946275,40.227872465125934,34620,"Muncie, IN",18,0
-88.061118621497982,42.747312838072062,39540,"Racine, WI",55,0
-92.21016532645308,37.820520829114102,22780,"Fort Leonard Wood, MO",29,0
-84.92486388441651,35.605228665137957,19420,"Dayton, TN",47,0
-85.074133190203042,42.945022375616261,26960,"Ionia, MI",26,0
-88.775304280287784,43.020537422158803,48020,"Watertown-Fort Atkinson, WI",55,0
-94.852271306116847,37.506773129815564,38260,"Pittsburg, KS",20,0
-107.74898469528767,32.181899868402127,19700,"Deming, NM",35,0
-82.621933659349722,30.22343842473505,29380,"Lake City, FL",12,0
-108.2622231460748,35.580227502717136,23700,"Gallup, NM",35,0
-84.052768170780254,43.330253185976773,40980,"Saginaw, MI",26,0
-113.75959432782989,35.705742904604918,29420,"Lake Havasu City-Kingman, AZ",04,0
-90.662044763056443,29.4693576225926,26380,"Houma-Thibodaux, LA",22,0
-100.91626637100711,32.746138075619541,43660,"Snyder, TX",48,0
-86.765725919898713,35.464991112372665,30280,"Lewisburg, TN",47,0
-100.97161836719114,38.026111786848062,23780,"Garden City, KS",20,0
-88.923979417223549,38.299818220142434,34500,"Mount Vernon, IL",17,0
-110.84735980511002,31.525432256374252,35700,"Nogales, AZ",04,0
-99.26263403340748,36.425293994225612,49260,"Woodward, OK",40,0
-98.94676914735993,30.318240946242287,23240,"Fredericksburg, TX",48,0
-81.809565744156188,27.492939385437438,48100,"Wauchula, FL",12,0
-85.359145048788605,34.470153420019557,44900,"Summerville, GA",13,0
-88.598191688152696,47.164341310324978,26340,"Houghton, MI",26,0
-72.61585038521747,44.273617169959373,12740,"Barre, VT",50,0
-93.226270882687061,44.022403513102248,36940,"Owatonna, MN",27,0
-85.177975407310711,39.636849619483812,18220,"Connersville, IN",18,0
-84.846649234251331,43.640609758280561,34380,"Mount Pleasant, MI",26,0
-77.063904677156373,40.959867634741812,30260,"Lewisburg, PA",42,0
-78.409083400518909,36.365821544676471,25780,"Henderson, NC",37,0
-98.084853735024566,37.951080497652157,26740,"Hutchinson, KS",20,0
-85.988980941613903,31.399328619220221,21460,"Enterprise, AL",01,0
-84.629125870649275,40.540410505398683,16380,"Celina, OH",39,0
-84.066039819053884,41.894787555745559,10300,"Adrian, MI",26,0
-101.91040969523769,35.248820224681033,11100,"Amarillo, TX",48,0
-76.452281173043886,36.83691073967465,47260,"Virginia Beach-Norfolk-Newport News, VA-NC",37,0
-82.406423208967027,28.154078115042537,45300,"Tampa-St. Petersburg-Clearwater, FL",12,0
-118.33269389262203,39.580345732824462,21980,"Fallon, NV",32,0
-82.383231380970031,38.378942570065171,26580,"Huntington-Ashland, WV-KY-OH",39,0
-74.087040411812382,40.920404275159065,35620,"New York-Newark-Jersey City, NY-NJ-PA",42,0
-75.472579006454822,38.414264693476468,41540,"Salisbury, MD-DE",10,0
-77.472393238932924,38.831891881029073,47900,"Washington-Arlington-Alexandria, DC-VA-MD-WV",54,0
-85.001304358061773,41.643947236290735,11420,"Angola, IN",18,0
-99.349301444376891,30.060400063510674,28500,"Kerrville, TX",48,0
-73.030076584209866,44.690488506832054,15540,"Burlington-South Burlington, VT",50,0
-81.349686987296792,41.148184955774845,10420,"Akron, OH",39,0
-86.927491525703687,40.515083730510199,29200,"Lafayette-West Lafayette, IN",18,0
-70.202947612045378,44.166386061133778,30340,"Lewiston-Auburn, ME",23,0
-97.787589221908974,31.207901776707928,28660,"Killeen-Temple, TX",48,0
-81.363575504866404,28.43351001917998,36740,"Orlando-Kissimmee-Sanford, FL",12,0
-70.46806714868498,43.694024459238385,38860,"Portland-South Portland, ME",23,0
-99.317515505979998,38.914587115529969,25700,"Hays, KS",20,0
-122.72913640201168,42.431384259608123,32780,"Medford, OR",41,0
-93.943141703836531,41.547873694257859,19780,"Des Moines-West Des Moines, IA",19,0
-78.576510914013795,37.850666320783198,16820,"Charlottesville, VA",51,0
-97.090082685411389,31.426474695543149,47380,"Waco, TX",48,0
-120.99846459864652,38.781152425404272,40900,"Sacramento--Roseville--Arden-Arcade, CA",06,0
-93.348846201775743,43.673831791345144,10660,"Albert Lea, MN",27,0
-95.570887893416028,33.667170718304405,37580,"Paris, TX",48,0
-84.871986077413197,34.507594618589387,15660,"Calhoun, GA",13,0
-78.471575967033658,40.999969191096433,20180,"DuBois, PA",42,0
-103.79281442690947,44.359290410834816,43940,"Spearfish, SD",46,0
-110.3217668456782,35.399708535815087,43320,"Show Low, AZ",04,0
-83.713096877880631,32.860459758507396,31420,"Macon, GA",13,0
-99.031521729745123,40.73491704779115,28260,"Kearney, NE",31,0
-76.470480703655682,42.448694597249172,27060,"Ithaca, NY",36,0
-122.1658638331587,37.780971417985874,41860,"San Francisco-Oakland-Hayward, CA",06,0
-95.286443405144738,38.564438152764382,36840,"Ottawa, KS",20,0
-80.84199205327306,39.976020482953203,48540,"Wheeling, WV-OH",39,0
-82.919890989298693,40.85065155738959,15340,"Bucyrus, OH",39,0
-89.297597512350663,41.744094398599188,19940,"Dixon, IL",17,0
-97.477112030455373,27.902074613534182,18580,"Corpus Christi, TX",48,0
-105.44475304528305,38.47405550193794,15860,"Caon City, CO",08,0
-98.433868697813949,34.525337484452614,30020,"Lawton, OK",40,0
-83.531870200152795,31.456150943379203,45700,"Tifton, GA",13,0
-121.23989428694689,36.217843170173538,41500,"Salinas, CA",06,0
-92.090929779548688,38.639761468883371,27620,"Jefferson City, MO",29,0
-86.814393073069624,33.463954132249327,13820,"Birmingham-Hoover, AL",01,0
-94.937321387310192,47.973735268119434,13420,"Bemidji, MN",27,0
-83.784443557154376,39.918857738943998,44220,"Springfield, OH",39,0
-90.405575849629173,36.7143197056999,38740,"Poplar Bluff, MO",29,0
-92.594057096804136,37.659029103810191,30060,"Lebanon, MO",29,0
-90.647959880283651,35.698601507773787,27860,"Jonesboro, AR",05,0
-71.400231230108176,41.718957917098578,39300,"Providence-Warwick, RI-MA",25,0
-84.231932194037853,32.09964492721015,11140,"Americus, GA",13,0
-89.662698622547012,42.351648179851807,23300,"Freeport, IL",17,0
-83.2168951498616,33.950290078958083,12020,"Athens-Clarke County, GA",13,0
-97.521443311872531,41.572468806519964,18100,"Columbus, NE",31,0
-113.60725763730612,42.414802507330876,15420,"Burley, ID",16,0
-92.640839067121348,41.335215024973962,36820,"Oskaloosa, IA",19,0
-95.290671426062119,38.882221736983382,29940,"Lawrence, KS",20,0
-77.642242401504674,35.245794302363208,28820,"Kinston, NC",37,0
-85.186234016807589,34.003103578476491,16340,"Cedartown, GA",13,0
-94.267048860666335,44.825644073165627,26780,"Hutchinson, MN",27,0
-91.896248917242929,44.945625233987343,32860,"Menomonie, WI",55,0
-76.577660241169355,39.337628583067392,12580,"Baltimore-Columbia-Towson, MD",24,0
-81.167023232834225,26.555756973814965,17500,"Clewiston, FL",12,0
-75.303241338269899,39.904578303503442,37980,"Philadelphia-Camden-Wilmington, PA-NJ-DE-MD",24,0
-88.296272541444466,40.225998961150111,16580,"Champaign-Urbana, IL",17,0
-97.025170477653802,32.818182882900125,19100,"Dallas-Fort Worth-Arlington, TX",48,0
-81.04336243528067,34.090204624333104,17900,"Columbia, SC",45,0
-89.815236365818777,35.007585416141033,32820,"Memphis, TN-MS-AR",05,0
-86.458840952814001,35.50784842895947,43180,"Shelbyville, TN",47,0
-88.58969702607061,39.059356910745741,20820,"Effingham, IL",17,0
-81.344002623214081,27.343723537108442,42700,"Sebring, FL",12,0
-97.647698689547312,38.391848584422341,32700,"McPherson, KS",20,0
-85.669964860380233,38.337069963417903,31140,"Louisville/Jefferson County, KY-IN",18,0
-95.37658973060033,35.611937203492495,34780,"Muskogee, OK",40,0
-95.396450507663005,29.781906907752365,26420,"Houston-The Woodlands-Sugar Land, TX",48,0
-84.563820812868954,46.300767726387868,42300,"Sault Ste. Marie, MI",26,0
-89.483982950554591,34.355893197926832,37060,"Oxford, MS",28,0
-123.4291481360125,44.491059134563926,18700,"Corvallis, OR",41,0
-85.896747215556346,39.209126718531984,18020,"Columbus, IN",18,0
-79.745039074575814,35.003730571392779,40460,"Rockingham, NC",37,0
-93.149216036299805,34.576920741417126,26300,"Hot Springs, AR",05,0
-96.961200786140566,46.91749844425366,22020,"Fargo, ND-MN",27,0
-81.809413733801762,27.1867789302738,11580,"Arcadia, FL",12,0
-81.943632746020583,39.965759640206969,49780,"Zanesville, OH",39,0
-89.590285358818775,30.766468398306372,38100,"Picayune, MS",28,0
-92.060155943427304,30.021036581536301,29180,"Lafayette, LA",22,0
-91.385922261565284,40.027484625447499,39500,"Quincy, IL-MO",29,0
-76.516015158132774,41.788821104470358,42380,"Sayre, PA",42,0
-86.412529407099527,41.954688117795413,35660,"Niles-Benton Harbor, MI",26,0
-91.115036932034954,41.484679676473142,34700,"Muscatine, IA",19,0
-86.04525047816405,40.769409653049607,37940,"Peru, IN",18,0
-104.65854121128916,38.842659633439823,17820,"Colorado Springs, CO",08,0
-90.475972795746074,37.812102314774513,22100,"Farmington, MO",29,0
-95.453354687078701,45.933484905516359,10820,"Alexandria, MN",27,0
-84.936767024011473,40.745700592642216,19540,"Decatur, IN",18,0
-84.202576764400604,40.331599008713603,43380,"Sidney, OH",39,0
-98.090470503050369,27.731039377856167,10860,"Alice, TX",48,0
-71.423746389117809,43.517345169579691,29060,"Laconia, NH",33,0
-97.782655170016099,36.379133396489706,21420,"Enid, OK",40,0
-71.103414351849295,42.55380608022017,14460,"Boston-Cambridge-Newton, MA-NH",33,0
-94.177528894926965,42.427859827911874,22700,"Fort Dodge, IA",19,0
-120.0168020783514,34.673589424925197,42200,"Santa Maria-Santa Barbara, CA",06,0
-90.4529350229556,31.530054093391204,15020,"Brookhaven, MS",28,0
-86.344072497980747,40.762947638899085,30900,"Logansport, IN",18,0
-91.631425046858652,42.091532793657024,16300,"Cedar Rapids, IA",19,0
-109.75189212910179,31.879100364697283,43420,"Sierra Vista-Douglas, AZ",04,0
-90.846911180888796,34.429657030416358,25760,"Helena-West Helena, AR",05,0
-85.004935694837314,42.246338337849323,12980,"Battle Creek, MI",26,0
-85.610945705243822,31.430400425953106,37120,"Ozark, AL",01,0
-97.651022418645667,38.95917578806722,41460,"Salina, KS",20,0
-76.82473365952373,42.78068635256038,42900,"Seneca Falls, NY",36,0
-89.91476161183779,41.754756074692253,44580,"Sterling, IL",17,0
-81.917290183555735,40.300961658377624,18740,"Coshocton, OH",39,0
-121.86568799234044,47.553497727249791,42660,"Seattle-Tacoma-Bellevue, WA",53,0
-83.83853203938331,42.25310500360051,11460,"Ann Arbor, MI",26,0
-105.5474008277566,44.248759378927808,23940,"Gillette, WY",56,0
-92.409824740029677,40.879219783061565,36900,"Ottumwa, IA",19,0
-82.500794035787905,37.040568504281431,13720,"Big Stone Gap, VA",51,0
-83.99158271368853,43.701385138372942,13020,"Bay City, MI",26,0
-90.588826842581568,33.601925784851936,26940,"Indianola, MS",28,0
-90.21330340194551,40.931487793703582,23660,"Galesburg, IL",17,0
-101.89302811911725,35.837692416561111,20300,"Dumas, TX",48,0
-86.116497068071624,35.296488318598158,46100,"Tullahoma-Manchester, TN",47,0
-84.139957158960357,39.82953440960955,19380,"Dayton, OH",39,0
-95.838061028829031,44.413278646748203,32140,"Marshall, MN",27,0
-93.205643503562058,39.135828172836433,32180,"Marshall, MO",29,0
-93.230400566279826,33.214453001867774,31620,"Magnolia, AR",05,0
-98.756386460057897,38.478882310370182,24460,"Great Bend, KS",20,0
-90.221609334130434,32.317078255778164,27140,"Jackson, MS",28,0
-97.395292105598202,43.008635470858032,49460,"Yankton, SD",46,0
-84.145867799053718,42.953930125557754,37020,"Owosso, MI",26,0
-96.949285695145178,35.209442620229026,43060,"Shawnee, OK",40,0
-82.275402057099313,40.844191511052323,11740,"Ashland, OH",39,0
-101.94772421491527,32.742555715621748,29500,"Lamesa, TX",48,0
-99.823285783795782,40.759307307974126,30420,"Lexington, NE",31,0
-96.689460503013748,40.261856731936881,13100,"Beatrice, NE",31,0
-81.477800431020697,40.444222859157286,35420,"New Philadelphia-Dover, OH",39,0
-103.34688620749208,34.574166049907184,17580,"Clovis, NM",35,0
-101.47805917321931,32.088600155811029,13700,"Big Spring, TX",48,0
-88.301410134358164,36.331503297056599,37540,"Paris, TN",47,0
-97.188276767010279,44.977881189989724,47980,"Watertown, SD",46,0
-118.7277796290569,35.343294250343689,12540,"Bakersfield, CA",06,0
-103.47987550203769,34.021014795590617,38780,"Portales, NM",35,0
-110.81593367673888,33.802487796705613,37740,"Payson, AZ",04,0
-90.748281382549578,35.022019754897727,22620,"Forrest City, AR",05,0
-94.999808957972661,35.906927754038904,45140,"Tahlequah, OK",40,0
-92.999081899440142,42.035868370017624,32260,"Marshalltown, IA",19,0
-88.748640101491603,44.850868747246722,43020,"Shawano, WI",55,0
-87.731996271830283,40.181795704407605,19180,"Danville, IL",17,0
-95.167058907828249,31.838858025387758,27380,"Jacksonville, TX",48,0
-156.57104512699053,20.865923188305413,27980,"Kahului-Wailuku-Lahaina, HI",15,0
-84.490722556424629,41.323989269744104,19580,"Defiance, OH",39,0
-77.613831488806966,40.613556134425899,30380,"Lewistown, PA",42,0
-77.998457535043386,35.358348131637406,24140,"Goldsboro, NC",37,0
-99.762291723297707,29.357396374519553,46620,"Uvalde, TX",48,0
-118.79930628614066,36.22057331126706,47300,"Visalia-Porterville, CA",06,0
-85.419649968809424,41.396752922319735,28340,"Kendallville, IN",18,0
-120.99523340353822,37.558089845672924,33700,"Modesto, CA",06,0
-95.743295299734768,37.192364206282996,17700,"Coffeyville, KS",20,0
-84.388043739435517,43.643307708794723,33220,"Midland, MI",26,0
-89.73411260891713,45.337375320576854,32980,"Merrill, WI",55,0
-97.851418917819927,34.48556989379415,20340,"Duncan, OK",40,0
-76.456518406639219,40.366803105735613,30140,"Lebanon, PA",42,0
-94.070652364505975,30.305005256501229,13140,"Beaumont-Port Arthur, TX",48,0
-83.625733417512137,45.034466448994635,10980,"Alpena, MI",26,0
-86.365504307775666,30.665479997692877,18880,"Crestview-Fort Walton Beach-Destin, FL",12,0
-120.35639141409128,44.142395269811239,39260,"Prineville, OR",41,0
-96.373041965070044,42.579154785294506,43580,"Sioux City, IA-NE-SD",46,0
-77.094458052781462,40.327766750559022,25420,"Harrisburg-Carlisle, PA",42,0
-84.431378045373208,38.092479909660973,30460,"Lexington-Fayette, KY",21,0
-122.39223161613859,46.577426911554213,16500,"Centralia, WA",53,0
-88.663206648017464,32.413235139983051,32940,"Meridian, MS",28,0
-74.262607842371921,41.888751696582801,28740,"Kingston, NY",36,0
-94.209165602652803,33.470641069169055,45500,"Texarkana, TX-AR",05,0
-96.508799589539194,39.341022008303909,31740,"Manhattan, KS",20,0
-96.677260781739022,33.626989375965408,43300,"Sherman-Denison, TX",48,0
-80.505262849868842,26.159115801306314,33100,"Miami-Fort Lauderdale-West Palm Beach, FL",12,0
-82.991056044650378,38.800517672656127,39020,"Portsmouth, OH",39,0
-114.56803744089258,42.437407776444878,46300,"Twin Falls, ID",16,0
-102.34316758669713,33.607712564848875,30220,"Levelland, TX",48,0
-118.11099320930141,41.406838033157413,49080,"Winnemucca, NV",32,0
-79.398881386291038,36.043635284670366,15500,"Burlington, NC",37,0
-84.13578961182175,36.043418476588066,28940,"Knoxville, TN",47,0
-79.876058641337494,36.685456061690743,32300,"Martinsville, VA",51,0
-81.494954359437614,38.270848362244863,16620,"Charleston, WV",54,0
-98.501178035715128,40.524494201840952,25580,"Hastings, NE",31,0
-80.564194276934131,41.2416910536041,49660,"Youngstown-Warren-Boardman, OH-PA",42,0
-98.217734167741582,32.236026531355527,44500,"Stephenville, TX",48,0
-82.542483355067048,40.773050571102168,31900,"Mansfield, OH",39,0
-89.501567769836754,44.475620776095937,44620,"Stevens Point, WI",55,0
-97.965984581333018,43.674773948764951,33580,"Mitchell, SD",46,0
-97.490063781598977,42.043594071834818,35740,"Norfolk, NE",31,0
-98.951976671244495,46.978718881786236,27420,"Jamestown, ND",38,0
-87.72067909792159,34.808171846517496,22520,"Florence-Muscle Shoals, AL",01,0
-104.81326785048842,35.480310923987972,29780,"Las Vegas, NM",35,0
-80.703091878111934,40.388020368570743,48260,"Weirton-Steubenville, WV-OH",39,0
-101.99106857110235,32.089653250665663,33260,"Midland, TX",48,0
-88.557847516511515,40.891882914985977,38700,"Pontiac, IL",17,0
-88.709328532064504,43.415770045677185,13180,"Beaver Dam, WI",55,0
-76.763758010737803,42.139279580505239,21300,"Elmira, NY",36,0
-94.620823055859375,31.622077502976971,34860,"Nacogdoches, TX",48,0
-71.675857467327702,43.29555390746259,18180,"Concord, NH",33,0
-99.681280181827844,35.268624514361676,21120,"Elk City, OK",40,0
-121.59872057558313,39.669162317252571,17020,"Chico, CA",06,0
-130.93431623640797,55.588182464927058,28540,"Ketchikan, AK",02,0
-85.216531108535392,41.005472642842697,23060,"Fort Wayne, IN",18,0
-95.753260925855187,43.674288583948169,49380,"Worthington, MN",27,0
-87.398806083834941,35.221641541432525,29980,"Lawrenceburg, TN",47,0
-95.150984442745695,43.377818948631457,44020,"Spirit Lake, IA",19,0
-92.955767848004001,34.315956685484387,31680,"Malvern, AR",05,0
-97.398113971549975,37.625039741028353,48620,"Wichita, KS",20,0
-85.359272532339304,32.607697501844477,12220,"Auburn-Opelika, AL",01,0
-88.96342505259048,39.860649133025909,19500,"Decatur, IL",17,0
-73.036853106100324,43.574810348791665,40860,"Rutland, VT",50,0
-81.555256840238314,35.336337483791908,43140,"Shelby, NC",37,0
-100.81292223381114,35.400818779902565,37420,"Pampa, TX",48,0
-84.044642176564665,36.920974762946557,30940,"London, KY",21,0
-82.042355777659793,39.333987903205497,11900,"Athens, OH",39,0
-78.191351931529312,43.002260100543019,12860,"Batavia, NY",36,0
-101.82681138878637,34.070449005734012,38380,"Plainview, TX",48,0
-84.11238952580922,40.769554734401169,30620,"Lima, OH",39,0
-79.830871258852113,40.439406726303886,38300,"Pittsburgh, PA",42,0
-89.143813159806314,31.817838521373631,29860,"Laurel, MS",28,0
-81.683918465401263,41.375542890390108,17460,"Cleveland-Elyria, OH",39,0
-105.73984589947588,32.614258057833126,10460,"Alamogordo, NM",35,0
-96.639795495648627,28.495093084541505,38920,"Port Lavaca, TX",48,0
-98.490648048801248,33.775003022862926,48660,"Wichita Falls, TX",48,0
-70.292133141018695,41.723651696167394,12700,"Barnstable Town, MA",25,0
-82.472338021351547,29.689100258423242,23540,"Gainesville, FL",12,0
-86.737593697978966,41.54713972738228,33140,"Michigan City-La Porte, IN",18,0
-79.221287092297004,37.366396247391897,31340,"Lynchburg, VA",51,0
-112.07072619238171,33.185827829031922,38060,"Phoenix-Mesa-Scottsdale, AZ",04,0
-82.459551490801132,28.854714424298368,26140,"Homosassa Springs, FL",12,0
-91.947631680127273,34.077769826109154,38220,"Pine Bluff, AR",05,0
-114.20044084501102,43.32630604789378,25200,"Hailey, ID",16,0
-85.488284893846696,42.99883000770258,24340,"Grand Rapids-Wyoming, MI",26,0
-115.470888067573,43.354881308182463,34300,"Mountain Home, ID",16,0
-83.531263169492149,34.630709902887226,18460,"Cornelia, GA",13,0
-82.322371178864827,27.347820693639363,35840,"North Port-Sarasota-Bradenton, FL",12,0
-105.6315172066944,36.579139718988365,45340,"Taos, NM",35,0
-93.26107085033702,43.203711959342293,32380,"Mason City, IA",19,0
-88.444988285798161,33.468568331070664,18060,"Columbus, MS",28,0
-88.541528959787954,42.668459436990958,48580,"Whitewater-Elkhorn, WI",55,0
-84.298245156641272,32.879913823913427,45580,"Thomaston, GA",13,0
-122.88959538833194,38.529789411697948,42220,"Santa Rosa, CA",06,0
-85.528034924081936,41.914432152578264,44780,"Sturgis, MI",26,0
-92.664560834680486,32.597984810182901,40820,"Ruston, LA",22,0
-96.165424811785243,36.249621525929435,46140,"Tulsa, OK",40,0
-101.20382440326988,48.318884164982649,33500,"Minot, ND",38,0
-80.0440872683089,33.041609843689052,16700,"Charleston-North Charleston, SC",45,0
-112.81806536382811,41.432698912597097,36260,"Ogden-Clearfield, UT",49,0
-81.668737530963938,30.931802850099096,41220,"St. Marys, GA",13,0
-81.249831036426471,40.717864361298801,15940,"Canton-Massillon, OH",39,0
-116.59729102763778,48.29637186132824,41760,"Sandpoint, ID",16,0
-91.64948489842871,41.511237820775584,26980,"Iowa City, IA",19,0
-84.593263489380135,41.887439490541588,25880,"Hillsdale, MI",26,0
-81.745398780983109,32.399202628059086,44340,"Statesboro, GA",13,0
-121.64869299780841,45.516861688206589,26220,"Hood River, OR",41,0
-87.107078528319349,32.32772277075378,42820,"Selma, AL",01,0
-88.371416066650241,44.288705380481673,11540,"Appleton, WI",55,0
-90.677755411687201,40.456747224996626,31380,"Macomb, IL",17,0
-105.53863432238279,31.511788026411985,21340,"El Paso, TX",48,0
-106.79795606770568,42.962435899805413,16220,"Casper, WY",56,0
-82.362185674603111,31.140215293249756,48180,"Waycross, GA",13,0
-123.87562226265609,40.699098508904278,21700,"Eureka-Arcata-Fortuna, CA",06,0
-85.335337642476034,44.338135041660301,15620,"Cadillac, MI",26,0
-76.099856778513768,38.768403680878414,20660,"Easton, MD",24,0
-90.65954412063077,31.173709399057543,32620,"McComb, MS",28,0
-69.7668231005742,44.408196025743884,12300,"Augusta-Waterville, ME",23,0
-106.99035404717768,40.484086520510409,44460,"Steamboat Springs, CO",08,0
-79.173013658541066,35.483332419930285,41820,"Sanford, NC",37,0
-78.564417512677778,41.809266929187586,14620,"Bradford, PA",42,0
-85.003430116300194,35.953889143234804,18900,"Crossville, TN",47,0
-85.455066030575978,31.258328596899524,20020,"Dothan, AL",01,0
-82.630825039018362,41.371864959773049,41780,"Sandusky, OH",39,0
-80.248231370350439,35.311134284289302,10620,"Albemarle, NC",37,0
-88.272058233586222,36.620506584092425,34660,"Murray, KY",21,0
-91.842426834276779,39.215877004949149,33020,"Mexico, MO",29,0
-81.301629086519355,32.131227323269464,42340,"Savannah, GA",13,0
-90.880883517462493,42.468701240815136,20220,"Dubuque, IA",19,0
-83.084871529871847,33.199606423171993,33300,"Milledgeville, GA",13,0
-91.132421906229538,30.570926335231078,12940,"Baton Rouge, LA",22,0
-84.293246410053911,37.576477466844167,40080,"Richmond-Berea, KY",21,0
-88.846714989513544,35.609006468951186,27180,"Jackson, TN",47,0
-73.649159625809276,43.445361786982012,24020,"Glens Falls, NY",36,0
-106.47078720103519,35.121239041748453,10740,"Albuquerque, NM",35,0
-111.78995727208232,32.097427214135614,46060,"Tucson, AZ",04,0
-107.99922217045916,34.912421970243379,24380,"Grants, NM",35,0
-81.70082609924053,36.229386142704939,14380,"Boone, NC",37,0
-95.315538226237379,39.5311620773969,11860,"Atchison, KS",20,0
-108.87957835386636,41.660106182568207,40540,"Rock Springs, WY",56,0
-86.205183969553431,33.177040656211915,45180,"Talladega-Sylacauga, AL",01,0
-75.926790041101697,40.414228621421039,39740,"Reading, PA",42,0
-88.488853249154545,43.753549076649279,22540,"Fond du Lac, WI",55,0
-76.211209098050361,40.703841133866312,39060,"Pottsville, PA",42,0
-94.967972729450977,33.213397194429199,34420,"Mount Pleasant, TX",48,0
-92.706709599463281,33.574357156562378,15780,"Camden, AR",05,0
-87.862055603723107,41.137471932740873,28100,"Kankakee, IL",17,0
-86.472772569309868,40.30319753764487,23140,"Frankfort, IN",18,0
-76.712648093500121,40.850498780059411,44980,"Sunbury, PA",42,0
-88.651394339467288,36.72319772011268,32460,"Mayfield, KY",21,0
-96.681557360712361,34.730947309209249,10220,"Ada, OK",40,0
-106.31188172575361,35.864932446247103,31060,"Los Alamos, NM",35,0
-85.43593555702644,38.786289465661994,31500,"Madison, IN",18,0
-90.054868617131149,35.763665967190185,14180,"Blytheville, AR",05,0
-103.69069782545044,31.324205215967762,37780,"Pecos, TX",48,0
-77.426198276583278,34.727133716655139,27340,"Jacksonville, NC",37,0
-80.237831680842419,39.508111202195145,21900,"Fairmont, WV",54,0
-84.574264608961187,37.106687499993548,43700,"Somerset, KY",21,0
-83.221850850411627,31.761116440620007,22340,"Fitzgerald, GA",13,0
-112.55481183973941,34.599539983471821,39140,"Prescott, AZ",04,0
-102.54294284517201,31.868988774966301,36220,"Odessa, TX",48,0
-77.89972194525005,39.546467487236882,25180,"Hagerstown-Martinsburg, MD-WV",54,0
-81.620070003324756,35.047896311064555,23500,"Gaffney, SC",45,0
-122.67951712230378,46.193026206560624,31020,"Longview, WA",53,0
-84.223582940150521,40.556082025859638,47540,"Wapakoneta, OH",39,0
-105.72308231226778,41.654100617154867,29660,"Laramie, WY",56,0
-85.971826894380669,37.735163729023768,21060,"Elizabethtown-Fort Knox, KY",21,0
-73.093510391476542,43.032429696217001,13540,"Bennington, VT",50,0
-79.335729946378052,33.435302369503361,23860,"Georgetown, SC",45,0
-93.346334476179322,30.648394297091418,19760,"DeRidder, LA",22,0
-74.660947168531663,39.477711963486165,12100,"Atlantic City-Hammonton, NJ",34,0
-81.913947377534981,26.905057913696854,39460,"Punta Gorda, FL",12,0
-80.449789323705474,27.219846913479145,38940,"Port St. Lucie, FL",12,0
-79.39657044514334,36.809485019134307,19260,"Danville, VA",51,0
-83.537364643125429,41.928450664133656,33780,"Monroe, MI",26,0
-109.51717538676485,40.125145009894446,46860,"Vernal, UT",49,0
-80.778367924239419,40.775560531961993,41400,"Salem, OH",39,0
-103.41360315258328,32.794513689550833,26020,"Hobbs, NM",35,0
-77.718458092277785,39.928865939023837,16540,"Chambersburg-Waynesboro, PA",42,0
-103.11169480585677,40.724404125963353,44540,"Sterling, CO",08,0
-105.97597810852828,35.507306122698303,42140,"Santa Fe, NM",35,0
-116.71121627298719,46.812257504667372,34140,"Moscow, ID",16,0
-77.818470756494534,40.918984097559402,44300,"State College, PA",42,0
-91.451520417948473,29.719988795772867,34020,"Morgan City, LA",22,0
-85.82084174312844,36.976213340773299,23980,"Glasgow, KY",21,0
-113.28754378327208,37.859799771233789,16260,"Cedar City, UT",49,0
-90.706538639659058,42.868285926973805,38420,"Platteville, WI",55,0
-124.15626682857615,42.459608448235471,15060,"Brookings, OR",41,0
-86.921274276032747,45.921450744465666,21540,"Escanaba, MI",26,0
-80.107159596792371,41.684738655717489,32740,"Meadville, PA",42,0
-89.419747696741908,36.058619782136461,20540,"Dyersburg, TN",47,0
-121.52227450586652,39.152616359773234,49700,"Yuba City, CA",06,0
-121.37454540384192,36.909019195218811,41940,"San Jose-Sunnyvale-Santa Clara, CA",06,0
-89.590950050747693,43.079419819225436,31540,"Madison, WI",55,0
-99.415704084851853,34.588353778196534,11060,"Altus, OK",40,0
-97.214426158333893,33.638256576851532,23620,"Gainesville, TX",48,0
-119.18571386131563,39.020033839196998,22280,"Fernley, NV",32,0
-96.782643536518179,46.297572193949009,47420,"Wahpeton, ND-MN",27,0
-83.157363048109843,40.586106624304954,32020,"Marion, OH",39,0
-83.822610705430705,38.595205604484974,32500,"Maysville, KY",21,0
-85.466514100223037,30.143911104703147,37460,"Panama City, FL",12,0
-83.137941341598065,35.292212454844211,19000,"Cullowhee, NC",37,0
-110.95712427307046,40.867905166885784,44920,"Summit Park, UT",49,0
-121.71952619673363,48.825576922760376,13380,"Bellingham, WA",53,0
-120.26362438748792,47.818140931459958,48300,"Wenatchee, WA",53,0
-100.67189764097211,31.362685931995674,41660,"San Angelo, TX",48,0
-81.744999304660084,29.605696732022015,37260,"Palatka, FL",12,0
-85.332583720976828,37.368694318347046,15820,"Campbellsville, KY",21,0
-81.93266283077844,37.829631292838634,30880,"Logan, WV",54,0
-120.74007158683526,46.459402119360881,49420,"Yakima, WA",53,0
-111.77105788608758,35.839228537400146,22380,"Flagstaff, AZ",04,0
-80.748521429471353,41.707504434188436,11780,"Ashtabula, OH",39,0
-77.509455904396972,42.968783949967907,40380,"Rochester, NY",36,0
-117.5721947737434,48.193386825341044,44060,"Spokane-Spokane Valley, WA",53,0
-122.55122538819438,48.162708037981659,36020,"Oak Harbor, WA",53,0
-81.363275582320952,37.245849025186843,14140,"Bluefield, WV-VA",51,0
-123.16626750785061,43.279471984241596,40700,"Roseburg, OR",41,0
-103.47832663333078,48.344529979894396,48780,"Williston, ND",38,0
-102.89974180769971,44.191697668690601,39660,"Rapid City, SD",46,0
-81.921703557078999,35.402637479806941,22580,"Forest City, NC",37,0
-109.8878436598978,32.932787642307979,40940,"Safford, AZ",04,0
-83.236492336416035,30.828647324033561,46660,"Valdosta, GA",13,0
-104.68875330376301,41.30708553070518,16940,"Cheyenne, WY",56,0
-108.3204181354978,36.508156551087353,22140,"Farmington, NM",35,0
-119.64919411976992,36.756559910991157,23420,"Fresno, CA",06,0
-105.46139208059807,40.666405237446853,22660,"Fort Collins, CO",08,0
-90.043176699234351,30.852809663500594,14220,"Bogalusa, LA",22,0
-78.679009036478121,42.248604747147198,36460,"Olean, NY",36,0
-122.23413572605614,40.125450470607369,39780,"Red Bluff, CA",06,0
-92.406997041931362,47.333439687325374,20260,"Duluth, MN-WI",55,0
-81.491377706396932,39.456787371079088,31930,"Marietta, OH",39,0
-104.4630521964968,33.366386539335899,40740,"Roswell, NM",35,0
-101.48897701118611,36.747799590846604,25100,"Guymon, OK",40,0
-95.269120677147384,32.374214035773143,46340,"Tyler, TX",48,0
-77.066289829764671,41.343072874186525,48700,"Williamsport, PA",42,0
-83.915408832396309,30.861863067209377,45620,"Thomasville, GA",13,0
-85.010865685262914,39.86334777000576,39980,"Richmond, IN",18,0
-155.52116755783078,19.601235061059391,25900,"Hilo, HI",15,0
-77.900670985128031,34.468843960142443,48900,HTML,37,1
-76.608975884371773,38.302663588203927,15680,"California-Lexington Park, MD",24,0
-81.699128904406123,27.950283243784721,29460,"Lakeland-Winter Haven, FL",12,0
-119.65748381258537,40.618220161685223,39900,"Reno, NV",32,0
-85.863123223676226,41.245216678249626,47700,"Warsaw, IN",18,0
-71.720873236576836,42.917394075870185,31700,"Manchester-Nashua, NH",33,0
-102.60535824451453,34.965220081988413,25820,"Hereford, TX",48,0
-96.79064836144083,44.369816843840958,15100,"Brookings, SD",46,0
-84.664321379817792,35.136235764879061,17420,"Cleveland, TN",47,0
-75.109796303859767,39.372447134443554,47220,"Vineland-Bridgeton, NJ",34,0
-120.76793228002802,39.301558245140747,46020,"Truckee-Grass Valley, CA",06,0
-77.795554636617112,35.94071925455512,40580,"Rocky Mount, NC",37,0
-85.824333969164471,33.77380880082611,11500,"Anniston-Oxford-Jacksonville, AL",01,0
-73.246242884229403,41.791412960589348,45860,"Torrington, CT",09,0
-96.655981786843697,41.580717480871598,23340,"Fremont, NE",31,0
-78.662237187256281,33.987609619937459,34820,"Myrtle Beach-Conway-North Myrtle Beach, SC-NC",37,0
-98.740570023507345,26.564871561917599,40100,"Rio Grande City, TX",48,0
-84.998987981545383,41.398061315383167,12140,"Auburn, IN",18,0
-83.057201271384329,39.33431950099628,17060,"Chillicothe, OH",39,0
-94.135375580788732,44.154212755756973,31860,"Mankato-North Mankato, MN",27,0
-122.75729710906759,39.109652552767322,17340,"Clearlake, CA",06,0
-79.946079616080027,37.290349400361748,40220,"Roanoke, VA",51,0
-85.358891882234104,35.050484647690119,16860,"Chattanooga, TN-GA",13,0
-81.632892460652371,31.319394547069599,15260,"Brunswick, GA",13,0
-72.644831300406395,42.229174805702172,44140,"Springfield, MA",25,0
-87.640209752594643,46.430183456691196,32100,"Marquette, MI",26,0
-72.57894578350637,41.732646016248822,25540,"Hartford-West Hartford-East Hartford, CT",09,0
-85.551932520771985,44.722799641317579,45900,"Traverse City, MI",26,0
-94.566218797145254,35.187340371448265,22900,"Fort Smith, AR-OK",40,0
-84.427865424857814,39.070845019717318,17140,"Cincinnati, OH-KY-IN",18,0
-87.964009089974212,41.703458749092263,16980,"Chicago-Naperville-Elgin, IL-IN-WI",55,0
-99.241044154229058,34.079097677384219,46900,"Vernon, TX",48,0
-111.17006499161668,40.333222832713147,25720,"Heber, UT",49,0
-75.568305822001903,39.08570665007673,20100,"Dover, DE",10,0
-83.127832086768521,41.123513110063016,45660,"Tiffin, OH",39,0
-117.5198572795757,46.899696342903056,39420,"Pullman, WA",53,0
-86.151978303511456,43.291381202228756,34740,"Muskegon, MI",26,0
-123.18419549119831,47.350796126392389,43220,"Shelton, WA",53,0
-113.92160359494765,47.037457373602855,33540,"Missoula, MT",30,0
-121.73287712022687,48.479137865150371,34580,"Mount Vernon-Anacortes, WA",53,0
-79.758465516361241,41.4032367346801,36340,"Oil City, PA",42,0
-99.333144343591968,27.761927563442907,29700,"Laredo, TX",48,0
-76.244532996668369,40.040133931020833,29540,"Lancaster, PA",42,0
-82.802171459968179,35.201860215242569,14820,"Brevard, NC",37,0
-86.483616289742102,38.84112637167425,13260,"Bedford, IN",18,0
-85.467003427241664,37.805020892485338,12680,"Bardstown, KY",21,0
-87.809485077523064,44.119906595284853,31820,"Manitowoc, WI",55,0
-120.40391991692964,35.387553910049071,42020,"San Luis Obispo-Paso Robles-Arroyo Grande, CA",06,0
-96.989284396538778,43.499426651016861,43620,"Sioux Falls, SD",46,0
-81.980391033779853,33.457063860551429,12260,"Augusta-Richmond County, GA-SC",45,0
-84.396550752200312,33.695869319653099,12060,"Atlanta-Sandy Springs-Roswell, GA",13,0
-86.409203449337966,37.042620689127553,14540,"Bowling Green, KY",21,0
-112.4337592624799,43.624184179776272,26820,"Idaho Falls, ID",16,0
-94.785665472336333,39.834788044145952,41140,"St. Joseph, MO-KS",20,0
-84.288713097965967,30.405516260865507,45220,"Tallahassee, FL",12,0
-81.218195112767518,29.169916298984699,19660,"Deltona-Daytona Beach-Ormond Beach, FL",12,0
-80.345101302142879,36.072444894673794,49180,"Winston-Salem, NC",37,0
-84.170180015899859,31.586566662374938,10500,"Albany, GA",13,0
-108.62694965618287,43.041031614870505,40180,"Riverton, WY",56,0
-79.102872051096796,34.642148674119454,31300,"Lumberton, NC",37,0
-81.457156587795055,35.814141899247197,25860,"Hickory-Lenoir-Morganton, NC",37,0
-86.724913616658867,36.088094640383183,34980,"Nashville-Davidson--Murfreesboro--Franklin, TN",47,0
-101.64477630060796,33.468288155433427,31180,"Lubbock, TX",48,0
-95.999770340918786,41.290360462447381,36540,"Omaha-Council Bluffs, NE-IA",19,0
-112.29949811628485,46.815616311973855,25740,"Helena, MT",30,0
-103.73942759597996,42.159125540143393,42420,"Scottsbluff, NE",31,0
-93.346345902241978,45.065665715282549,33460,"Minneapolis-St. Paul-Bloomington, MN-WI",55,0
-85.793282717848896,40.847042392262679,47340,"Wabash, IN",18,0
-92.337801902879718,43.956095607410013,40340,"Rochester, MN",27,0
-111.76886860079894,41.886907334643354,30860,"Logan, UT-ID",16,0
-91.319980141935289,43.779747306103381,29100,"La Crosse-Onalaska, WI-MN",27,0
-73.937701105182356,42.78914004041313,10580,"Albany-Schenectady-Troy, NY",36,0
-96.490996350782353,30.757271135467985,17780,"College Station-Bryan, TX",48,0
-78.461695338706335,35.753935573395779,39580,Middleman,37,1
-116.14167640705382,43.015303075564439,14260,"Boise City, ID",16,0
-92.396046950349643,34.755911128211508,30780,"Little Rock-North Little Rock-Conway, AR",05,0
-77.472478809377321,37.46044655057419,40060,"Richmond, VA",51,0
-79.088557268051133,40.652625347700678,26860,"Indiana, PA",42,0
-94.370400310835151,32.549124076574238,32220,"Marshall, TX",48,0
-85.46446124303715,36.275463705290896,18260,"Cookeville, TN",47,0
-71.928655600157597,42.218801166594581,49340,"Worcester, MA-CT",09,0
-116.73185671472957,33.03347731678344,41740,"San Diego-Carlsbad, CA",06,0
-104.51274366202334,38.173591435565996,39380,"Pueblo, CO",08,0
-95.802119303918857,39.04378247440598,45820,"Topeka, KS",20,0
-80.889732035885146,27.385288980067699,36380,"Okeechobee, FL",12,0
-110.64926714768821,43.911024482456526,27220,"Jackson, WY-ID",16,0
-76.297207092516715,36.288383454015168,21020,"Elizabeth City, NC",37,0
-95.56347608844446,33.14881025878875,44860,"Sulphur Springs, TX",48,0
-105.35860904315666,40.093388119417959,14500,"Boulder, CO",08,0
-100.36796498332687,44.503934480417023,38180,"Pierre, SD",46,0
-81.7925688415352,30.236537395424651,27260,"Jacksonville, FL",12,0
-82.301690262933235,34.190601740259957,24940,"Greenwood, SC",45,0
-89.575353885483338,37.05163138743999,43460,"Sikeston, MO",29,0
-72.102937268449992,41.487616536594345,35980,"Norwich-New London, CT",09,0
-94.829000280595622,32.373135576155619,30980,"Longview, TX",48,0
-82.409115992560004,32.142149485829378,47080,"Vidalia, GA",13,0
-83.233257641199017,42.720342886094727,19820,"Detroit-Warren-Dearborn, MI",26,0
-89.174701344854952,41.357199885540965,36860,"Ottawa-Peru, IL",17,0
-82.68532980901378,35.601648491586907,11700,Javascript,37,1
-79.127496589251919,38.16497759523407,44420,"Staunton-Waynesboro, VA",51,0
-90.530678645278172,41.898153765644082,17540,"Clinton, IA",19,0
-85.783619004703041,42.24864891380556,28020,"Kalamazoo-Portage, MI",26,0
-157.97572469803006,21.460403388028745,46520,"Urban Honolulu, HI",15,0
-94.339977363190926,37.056847145939713,27900,"Joplin, MO",29,0
-119.08434879450945,34.457866762845285,37100,"Oxnard-Thousand Oaks-Ventura, CA",06,0
-113.90634833988986,32.769040958436612,49740,"Yuma, AZ",04,0
-81.604511865613759,31.798046623321184,25980,"Hinesville, GA",13,0
-88.583630095598338,34.880414981362648,18420,"Corinth, MS",28,0
-92.543848903309737,31.334558317071675,10780,"Alexandria, LA",22,0
-88.206679946923799,30.790887390352459,33660,"Mobile, AL",01,0
-122.89636001318154,44.903417370848061,41420,"Salem, OR",41,0
-102.65763263282321,46.808511820261351,19860,"Dickinson, ND",38,0
-90.879925082275591,33.796434714058954,17380,"Cleveland, MS",28,0
-82.438892226053071,36.61129348167438,28700,"Kingsport-Bristol-Bristol, TN-VA",51,0
-116.94045976604123,46.26696394023606,30300,"Lewiston, ID-WA",53,0
-83.768752418541894,40.139234266270826,46500,"Urbana, OH",39,0
-89.95577068969871,29.918111772951413,35380,"New Orleans-Metairie, LA",22,0
-96.222372419437391,29.277299994585242,20900,"El Campo, TX",48,0
-108.38182379245136,32.736569798834111,43500,"Silver City, NM",35,0
-83.117753718543199,41.532215592084228,38840,"Port Clinton, OH",39,0
-95.298519118623929,37.191135739873879,37660,"Parsons, KS",20,0
-74.800157178950499,39.148232646963542,36140,"Ocean City, NJ",34,0
-72.249369349703002,42.918753219378743,28300,"Keene, NH",33,0
-90.881797708878196,32.182025350644224,46980,"Vicksburg, MS",28,0
-79.479141785990564,35.309275031170102,38240,"Pinehurst-Southern Pines, NC",37,0
-84.619380643670922,40.133936893452073,24820,"Greenville, OH",39,0
-86.676778147699977,39.234090179579326,14020,"Bloomington, IN",18,0
-80.436333338164744,39.289837825282135,17220,"Clarksburg, WV",54,0
-80.871801562152754,32.406708237897021,25940,"Hilton Head Island-Bluffton-Beaufort, SC",45,0
-118.25200602327412,46.257480462992199,47460,"Walla Walla, WA",53,0
-111.34716667437831,47.3086631711354,24500,"Great Falls, MT",30,0
-89.190545647972741,37.762230256669575,16060,"Carbondale-Marion, IL",17,0
-97.197355386714989,28.727090323058501,47020,"Victoria, TX",48,0
-77.639610942841983,41.235173844448298,30820,"Lock Haven, PA",42,0
-122.53841471882626,44.488569213191717,10540,"Albany, OR",41,0
-76.024493280364666,38.46752179908993,15700,"Cambridge, MD",24,0
-96.757560721427382,38.998748955300258,27920,"Junction City, KS",20,0
-97.654999264402022,30.262794496995944,12420,"Austin-Round Rock, TX",48,0
-81.601849164203387,34.28976717960505,35140,"Newberry, SC",45,0
-92.722560796013582,44.410176965397881,39860,"Red Wing, MN",27,0
-81.463520419274886,39.144856580177681,37620,"Parkersburg-Vienna, WV",54,0
-88.077467469193053,44.775264193087295,24580,"Green Bay, WI",55,0
-117.58682951263209,43.225558682786591,36620,"Ontario, OR-ID",16,0
-106.83240693387626,32.351766068151974,29740,"Las Cruces, NM",35,0
-121.93839675607772,38.269511100401758,46700,"Vallejo-Fairfield, CA",06,0
-83.780380209318608,41.498563821821726,45780,"Toledo, OH",39,0
-87.041567017619386,38.37911220408693,27540,"Jasper, IN",18,0
-94.120626006845967,36.195388299877337,22220,"Fayetteville-Springdale-Rogers, AR-MO",29,0
-84.607503812739196,42.713730238913683,29620,"Lansing-East Lansing, MI",26,0
-85.390219854464831,32.916180572568571,46740,"Valley, AL",01,0
-77.537357884831323,36.329353578668467,40260,"Roanoke Rapids, NC",37,0
-90.106488104586433,33.497983347279629,24900,"Greenwood, MS",28,0
-92.305586619159641,38.988067501020637,17860,"Columbia, MO",29,0
-96.837803431037244,37.237900786887764,11680,"Arkansas City-Winfield, KS",20,0
-83.767849293852848,40.389968136254375,13340,"Bellefontaine, OH",39,0
-119.8138791084447,36.07609768441403,25260,"Hanford-Corcoran, CA",06,0
-94.446420791863218,38.936775046877045,28140,"Kansas City, MO-KS",20,0
-92.468506703387021,42.536270524277896,47940,"Waterloo-Cedar Falls, IA",19,0
-86.89335023525409,40.040348227659749,18820,"Crawfordsville, IN",18,0
-149.54292459966356,62.237023387401685,11260,"Anchorage, AK",02,0
-79.803465090471448,39.526386554598041,34060,"Morgantown, WV",54,0
-93.222220019681913,36.696267162071294,14700,"Branson, MO",29,0
-88.173425305544782,43.177338135875601,33340,"Milwaukee-Waukesha-West Allis, WI",55,0
-76.64526365090201,34.823155842973065,33980,"Morehead City, NC",37,0
-87.343757009038853,39.396186024037114,45460,"Terre Haute, IN",18,0
-97.285524854401103,34.251037511397229,11620,"Ardmore, OK",40,0
-89.515883827996433,40.788942215474847,37900,"Peoria, IL",17,0
-76.55621106976497,42.917437220176346,12180,"Auburn, NY",36,0
-81.888448327326856,40.829258517544254,49300,"Wooster, OH",39,0
-111.16876804733194,45.545701888328551,14580,"Bozeman, MT",30,0
-78.720545828107603,40.491121353381615,27780,"Johnstown, PA",42,0
-84.619292776038876,35.426422622272256,11940,"Athens, TN",47,0
-85.858837246997609,41.597699111340212,21140,"Elkhart-Goshen, IN",18,0
-86.26185087342779,41.324673670271771,38500,"Plymouth, IN",18,0
-100.99054181763896,46.728577333100212,13900,"Bismarck, ND",38,0
-88.863357665091158,40.412167905637638,14010,"Bloomington, IL",17,0
-115.01560406016671,36.214947617950195,29820,"Las Vegas-Henderson-Paradise, NV",32,0
-78.805880289708497,39.52937218188999,19060,"Cumberland, MD-WV",54,0
-123.65616255760663,45.994690539607753,11820,"Astoria, OR",41,0
-121.64885812745673,42.687437715933193,28900,"Klamath Falls, OR",41,0
-76.033768990921828,43.156814418578321,45060,"Syracuse, NY",36,0
-98.180557659718161,26.39641428183845,32580,"McAllen-Edinburg-Mission, TX",48,0
-119.06546250356395,45.524558002961136,25840,"Hermiston-Pendleton, OR",41,0
-111.51737089931333,44.141096872582345,39940,"Rexburg, ID",16,0
-87.576720112369415,37.967771108271322,21780,"Evansville, IN-KY",21,0
-87.72046849903937,33.165930551176992,46220,"Tuscaloosa, AL",01,0
-75.067517295422647,44.496892343166081,36300,"Ogdensburg-Massena, NY",36,0
-79.791252034878156,36.02635352917639,24660,"Greensboro-High Point, NC",37,0
-90.468529492733893,41.396626746112936,19340,"Davenport-Moline-Rock Island, IA-IL",17,0
-107.66568533510097,39.504136294493023,24060,"Glenwood Springs, CO",08,0
-96.84521009113368,47.836168528980366,24220,"Grand Forks, ND-MN",27,0
-72.164468910466212,43.780782263391075,17200,"Claremont-Lebanon, NH-VT",50,0
-104.89423045091385,39.434238110129606,19740,"Denver-Aurora-Lakewood, CO",08,0
-122.0423065733055,40.763736111130626,39820,"Redding, CA",06,0
-79.80733946527846,34.153718213055015,22500,"Florence, SC",45,0
-134.22968433002248,58.447603739501297,27940,"Juneau, AK",02,0
-86.735195943386159,34.783084972102017,26620,"Huntsville, AL",01,0
-77.981185643979899,40.414834074145688,26500,"Huntingdon, PA",42,0
-90.288767166493557,39.693511611120961,27300,"Jacksonville, IL",17,0
-91.569999452889462,39.657863780670198,25300,"Hannibal, MO",29,0
-91.779498192994737,43.987107102507878,49100,"Winona, MN",27,0
-89.277695520061286,39.545460991146406,45380,"Taylorville, IL",17,0
-84.576344460710615,30.879900546551845,12460,"Bainbridge, GA",13,0
-85.059234748508857,41.915889038130366,17740,"Coldwater, MI",26,0
-122.33243610117887,38.510698476462892,34900,"Napa, CA",06,0
-70.650123976508681,41.398768676667679,47240,"Vineyard Haven, MA",25,0
-123.3917741145804,39.439905966840477,46380,"Ukiah, CA",06,0
-82.079496754788551,28.704662603107174,45540,"The Villages, FL",12,0
-78.871711963459134,38.511607876655418,25500,"Harrisonburg, VA",51,0
-82.849968216723113,32.528662371223852,20140,"Dublin, GA",13,0
-82.171221145360803,38.797161756366869,38580,"Point Pleasant, WV-OH",39,0
-94.727602914775346,44.242469182750931,35580,"New Ulm, MN",27,0
-91.521787781534712,31.457431352974702,35020,"Natchez, MS-LA",22,0
-83.57407927184309,34.138465092187552,27600,"Jefferson, GA",13,0
-108.46866464460291,39.017450183708455,24300,"Grand Junction, CO",08,0
-92.595505546290326,33.168873718256016,20980,"El Dorado, AR",05,0
-86.036528387963742,34.042507075466816,23460,"Gadsden, AL",01,0
-96.978813650734921,36.076289976079764,44660,"Stillwater, OK",40,0
-95.655541545444947,31.816159815155473,37300,"Palestine, TX",48,0
-122.82981327696959,46.92866934573582,36500,"Olympia-Tumwater, WA",53,0
-99.169022492652516,27.0002957258306,49820,"Zapata, TX",48,0
-72.588510734959115,42.580516620332936,24640,"Greenfield Town, MA",25,0
-83.668389477527072,41.002504869336349,22300,"Findlay, OH",39,0
-122.47825000967853,45.597648317948291,38900,"Portland-Vancouver-Hillsboro, OR-WA",53,0
-107.84312379320957,37.28647368113046,20420,"Durango, CO",08,0
-93.175448212024563,37.364148995696503,44180,"Springfield, MO",29,0
-94.81020338537455,36.835212451930062,33060,"Miami, OK",40,0
-81.492489048228066,40.050265285786708,15740,"Cambridge, OH",39,0
-80.606669163449681,27.693351062715006,42680,"Sebastian-Vero Beach, FL",12,0
-83.819745901670885,34.321724242231667,23580,"Gainesville, GA",13,0
-76.457014031046427,41.039169836919768,14100,"Bloomsburg-Berwick, PA",42,0
-100.31482130955806,28.740131714895995,20580,"Eagle Pass, TX",48,0
-75.920571860105184,44.052951138358772,48060,"Watertown-Fort Drum, NY",36,0
-86.401456175435229,32.363207437424023,33860,"Montgomery, AL",01,0
-87.945663980881292,43.721087360698618,43100,"Sheboygan, WI",55,0
-73.206188771759415,42.371121656573088,38340,"Pittsfield, MA",25,0
-103.81049428530463,40.261988374935548,22820,"Fort Morgan, CO",08,0
-119.95529872251055,38.027014448407783,43760,"Sonora, CA",06,0
-78.465759720318928,39.269894017445345,49020,"Winchester, VA-WV",54,0
-119.74227005923136,39.158384856272846,16180,"Carson City, NV",32,0
-112.6609809828019,45.907266007182294,15580,"Butte-Silver Bow, MT",30,0
-116.12823896589025,34.552219291742688,40140,"Riverside-San Bernardino-Ontario, CA",06,0
-97.144180398738754,36.818028521214416,38620,"Ponca City, OK",40,0
-78.653237609290827,36.304159996131496,37080,"Oxford, NC",37,0
-96.976029196897642,42.915057005149876,46820,"Vermillion, SD",46,0
-86.250042778355407,43.99521591610943,31220,"Ludington, MI",26,0
-122.84543674552435,43.937977762304314,21660,"Eugene, OR",41,0
-114.0537308240302,48.295673999305173,28060,"Kalispell, MT",30,0
-87.058976347061332,37.699217279505206,36980,"Owensboro, KY",21,0
-123.92355833398229,48.046542098543668,38820,"Port Angeles, WA",53,0
-91.804473899375907,32.820210642801797,12820,"Bastrop, LA",22,0
-88.673868330475045,37.13618713429149,37140,"Paducah, KY-IL",17,0
-92.3377557936779,36.287840303527126,34260,"Mountain Home, AR",05,0
-81.918619725842873,31.556867148163313,27700,"Jesup, GA",13,0
-90.561471522267993,36.117249323730654,37500,"Paragould, AR",05,0
-120.71371866583026,37.192862923818176,32900,"Merced, CA",06,0
-112.22598248638083,42.66912554469166,38540,"Pocatello, ID",16,0
-88.71785570743279,36.294833430875805,32280,"Martin, TN",47,0
-119.45137480618384,47.207407138046598,34180,"Moses Lake, WA",53,0
-80.732512500477668,28.29376090565794,37340,"Palm Bay-Melbourne-Titusville, FL",12,0
-90.093935665429996,36.268055239525317,28380,"Kennett, MO",29,0
-113.0108967319095,40.470895066219356,41620,"Salt Lake City, UT",49,0
-68.650449318462421,45.401543709706878,12620,"Bangor, ME",23,0
-78.347238260965653,40.483405479549695,11020,"Altoona, PA",42,0
-123.89665961913842,41.743112383819202,18860,"Crescent City, CA",06,0
-104.39297447368067,40.555052884656853,24540,"Greeley, CO",08,0
-92.571826762984102,40.287707374474785,28860,"Kirksville, MO",29,0
-76.026489189752624,42.162253468584467,13780,"Binghamton, NY",36,0
-84.845829477651165,34.801384682502679,19140,"Dalton, GA",13,0
-90.041575571926856,44.455383641758125,49220,"Wisconsin Rapids-Marshfield, WI",55,0
-86.036051675660559,38.90889836539489,42980,"Seymour, IN",18,0
-85.888458971750708,42.591471424812106,26090,"Holland, MI",26,0
-74.699559261300323,40.282299925188468,45940,"Trenton, NJ",34,0
-79.100539775641465,35.993953070719847,20500,CSS3,37,1
-97.504892723057964,35.428660444308591,36420,"Oklahoma City, OK",40,0
-92.287888946041775,32.683061429651396,33740,"Monroe, LA",22,0
-91.413216777022967,40.47443663972286,22800,"Fort Madison-Keokuk, IA-IL-MO",29,0
-118.01330226910625,45.306555477557737,29260,"La Grande, OR",41,0
-77.078209299959781,35.093788401974308,35100,"New Bern, NC",37,0
-87.722698775374013,30.729409219475919,19300,"Daphne-Fairhope-Foley, AL",01,0
-90.349932352729638,38.733583921211896,41180,"St. Louis, MO-IL",17,0
-98.601544943509893,29.428277764348852,41700,"San Antonio-New Braunfels, TX",48,0
-94.609422717344842,31.257224268036484,31260,"Lufkin, TX",48,0
-86.206898533501146,39.746837549561974,26900,"Indianapolis-Carmel-Anderson, IN",18,0
-106.11679370910832,39.63736665052123,14720,"Breckenridge, CO",08,0
-81.161141865240552,37.910324751221729,13220,"Beckley, WV",54,0
-95.851864852003857,32.211976493009992,11980,"Athens, TX",48,0
-83.639974759367661,32.409316491830225,47580,"Warner Robins, GA",13,0
-85.778079953778573,35.673337724604849,32660,"McMinnville, TN",47,0
-106.69533509355803,39.627819484065469,20780,"Edwards, CO",08,0
-120.59575515131284,40.673789503245075,45000,"Susanville, CA",06,0
-85.396257192665558,39.930290167013069,35220,"New Castle, IN",18,0
-124.05846769135763,43.176568599802494,18300,"Coos Bay, OR",41,0
-71.421787837296236,44.696416066218319,13620,"Berlin, NH-VT",50,0
-87.156575548450874,30.687927560740128,37860,"Pensacola-Ferry Pass-Brent, FL",12,0
-81.093420723619673,25.366359451452894,28580,"Key West, FL",12,0
-115.53426999996923,40.920994314632118,21220,"Elko, NV",32,0
-93.669223540111602,32.488921360449808,43340,"Shreveport-Bossier City, LA",22,0
-82.337316542455554,36.25183034216569,27740,"Johnson City, TN",47,0
-98.696049285293256,45.521637589868071,10100,"Aberdeen, SD",46,0
-97.665391836066405,26.46920640711464,39700,"Raymondville, TX",48,0
-76.730686229393598,39.923155689149972,49620,"York-Hanover, PA",42,0
-86.867919365264243,34.131767598821021,18980,"Cullman, AL",01,0
-78.738370130988272,42.912147120185963,15380,"Buffalo-Cheektowaga-Niagara Falls, NY",36,0
-87.829724117505961,45.469295238587698,31940,"Marinette, WI-MI",26,0
-116.70064762033789,47.673240796099826,17660,"Coeur d'Alene, ID",16,0
-113.50636356120951,37.281348617127527,41100,"St. George, UT",49,0
-87.564182491714107,36.747526092051075,17300,"Clarksville, TN-KY",21,0
-88.685242748694478,34.265547812071432,46180,"Tupelo, MS",28,0
-94.242678626969607,46.799196512720918,14660,"Brainerd, MN",27,0
-98.276064277754998,41.033860368767463,24260,"Grand Island, NE",31,0
-85.654687015398835,40.515872281021949,31980,"Marion, IN",18,0
-86.1314807602716,41.775013633529838,43780,"South Bend-Mishawaka, IN-MI",26,0
-93.182414659163641,31.107524901296841,22860,"Fort Polk South, LA",22,0
-118.1471537056135,34.219166794618168,31080,"Los Angeles-Long Beach-Anaheim, CA",06,0
-96.407507222927308,30.214610682187018,14780,"Brenham, TX",48,0
-79.671792522895231,34.598644737344003,13500,"Bennettsville, SC",45,0
-85.945528220584208,31.804790195385262,45980,"Troy, AL",01,0
-89.071545959106899,42.671329073467263,27500,"Janesville-Beloit, WI",55,0
-80.38000331104827,33.915402347279773,44940,"Sumter, SC",45,0
-91.793517272234766,37.877361177126915,40620,"Rolla, MO",29,0
-75.401794909062104,40.78826365328586,10900,"Allentown-Bethlehem-Easton, PA-NJ",34,0
-81.832867342238927,26.576193853888121,15980,"Cape Coral-Fort Myers, FL",12,0
-84.73338564052095,37.518521549809435,19220,"Danville, KY",21,0
-123.86699436541529,44.643508559156473,35440,"Newport, OR",41,0
-88.076672265951444,45.945962914771606,27020,"Iron Mountain, MI-WI",55,0
-90.603922614121799,34.230507956354245,17260,"Clarksdale, MS",28,0
-82.049986396362783,35.680426187453982,32000,"Marion, NC",37,0
-101.15232794707485,29.894680721061594,19620,"Del Rio, TX",48,0
-122.67694466238935,47.612123812193431,14740,"Bremerton-Silverdale, WA",53,0
-123.5562944024559,42.364166383038985,24420,"Grants Pass, OR",41,0
-79.028863098707902,39.969747925291301,43740,"Somerset, PA",42,0
-80.033001549101527,41.992464603401899,21500,"Erie, PA",42,0
-94.47322192857817,45.586322351459131,41060,"St. Cloud, MN",27,0
-79.476651827103055,34.837717431043721,29900,"Laurinburg, NC",37,0
-85.324648747921373,43.640707311594561,13660,"Big Rapids, MI",26,0
-91.996821079391523,30.598921878525161,36660,"Opelousas, LA",22,0
-80.8041219977259,33.441909513845332,36700,"Orangeburg, SC",45,0
-89.041265293940015,42.333393935116078,40420,"Rockford, IL",17,0
-108.7151839986924,45.781100135449371,13740,"Billings, MT",30,0
-89.018052178792615,30.498389594658466,25060,"Gulfport-Biloxi-Pascagoula, MS",28,0
-83.11778675177365,35.927539052009649,35460,"Newport, TN",47,0
-95.752287749873375,34.920210004053615,32540,"McAlester, OK",40,0
-119.7598264403816,37.217643848233948,31460,"Madera, CA",06,0
-159.60077352874464,22.04172973241683,28180,"Kapaa, HI",15,0
-88.644770957620153,44.068869222456094,36780,"Oshkosh-Neenah, WI",55,0
-118.55943018497908,46.983215672961997,36830,"Othello, WA",53,0
-122.00985730282697,37.057649479146129,42100,"Santa Cruz-Watsonville, CA",06,0
-119.25651293322966,46.363825107224891,28420,"Kennewick-Richland, WA",53,0
-83.807017153318228,39.412434493866868,48940,"Wilmington, OH",39,0
-89.163487102017385,36.41551830284638,46460,"Union City, TN-KY",21,0
-83.068623703590205,34.751656953476662,42860,"Seneca, SC",45,0
-121.22767166646872,43.91454205347042,13460,"Bend-Redmond, OR",41,0
-73.389071163344724,41.268252124132687,14860,"Bridgeport-Stamford-Norwalk, CT",09,0
-97.528522102008012,26.129614713540366,15180,"Brownsville-Harlingen, TX",48,0
-93.257708746881249,30.016880630323804,29340,"Lake Charles, LA",22,0
-93.176464834536119,34.047112483712638,11660,"Arkadelphia, AR",05,0
-121.27230885550546,37.9323428237538,44700,"Stockton-Lodi, CA",06,0
-121.16637131344254,45.16136458470843,45520,"The Dalles, OR",41,0
-91.743384973488617,35.25581569854829,42620,"Searcy, AR",05,0
-91.058699462070138,40.872880133705074,15460,"Burlington, IA-IL",17,0
-77.064525769888206,40.770196889940074,42780,"Selinsgrove, PA",42,0
-76.847019690264517,35.486382153951105,47820,"Washington, NC",37,0
-75.030097809265655,42.62990676191793,36580,"Oneonta, NY",36,0
-83.383749801112458,36.107855255275375,34100,"Morristown, TN",47,0
-79.87002988201084,38.775198965277738,21180,"Elkins, WV",54,0
-81.3445042683732,26.116926050254492,34940,"Naples-Immokalee-Marco Island, FL",12,0
-106.69250410713131,36.509858362216171,21580,"Espaola, NM",35,0
-94.881669721908878,40.36012122707308,32340,"Maryville, MO",29,0
-86.303104692781474,34.364623852781982,10700,"Albertville, AL",01,0
-93.232570787747221,35.213362513811305,40780,"Russellville, AR",05,0
-85.488220917343398,40.829072730974339,26540,"Huntington, IN",18,0
-91.568845946013397,35.743627723964927,12900,"Batesville, AR",05,0
-123.76921852924862,47.148725525493759,10140,"Aberdeen, WA",53,0
-95.980145238394471,28.856357752849462,13060,"Bay City, TX",48,0
-84.91343803983365,32.441872332768497,17980,"Columbus, GA-AL",01,0
-78.978637062914999,35.034714898324836,22180,"Fayetteville, NC",37,0
-82.838489814034432,39.966945926693874,18140,"Columbus, OH",39,0
-75.176104573393417,43.335647331017235,46540,"Utica-Rome, NY",36,0
-87.100918312672135,34.488490234800885,19460,"Decatur, AL",01,0
-83.752793733485376,38.054352304512456,34460,"Mount Sterling, KY",21,0
-89.697970211532407,39.828678150088358,44100,"Springfield, IL",17,0
-80.533243115977498,37.120140065197702,13980,"Blacksburg-Christiansburg-Radford, VA",51,0
-112.35358484979881,39.864207202407563,39340,"Provo-Orem, UT",49,0
-87.072741234814387,38.700266443425683,47780,"Washington, IN",18,0
-82.058310917037758,29.207632115565705,36100,"Ocala, FL",12,0
-106.87988914999976,44.790110649778498,43260,"Sheridan, WY",56,0
-72.937744809204844,41.412041142878969,35300,"New Haven-Milford, CT",09,0
-75.894518614265905,41.32313553341713,42540,"Scranton--Wilkes-Barre--Hazleton, PA",42,0
-146.56731923098022,64.807089886115833,21820,"Fairbanks, AK",02,0
-96.472349093073674,32.047068252741376,18620,"Corsicana, TX",48,0
-79.366619394196377,42.228204636869371,27460,"Jamestown-Dunkirk-Fredonia, NY",36,0
-96.258403032940151,33.958536619009827,20460,"Durant, OK",40,0
-91.886813271621236,36.773917512548998,48460,"West Plains, MO",29,0
-86.113518923533547,40.485277312525625,29020,"Kokomo, IN",18,0
-115.36271659910894,33.040515829003915,20940,"El Centro, CA",06,0
-110.58759708765714,39.647720881225204,39220,"Price, UT",49,0
-74.422098432528514,43.113645909072346,24100,"Gloversville, NY",36,0
-100.85069106300912,37.193254021182973,30580,"Liberal, KS",20,0
-82.851456091790652,31.549019897425719,20060,"Douglas, GA",13,0
-77.371587639184156,35.590717523618864,24780,"Greenville, NC",37,0
-83.51660365325742,35.77971722594274,42940,"Sevierville, TN",47,0
-120.67842331929735,47.124928583873668,21260,"Ellensburg, WA",53,0
